BAIAP3,COL24A1,DHRS7,ETFDH,FRZB,HBG1,IBSP,POU4F1,PSAT1,RIOK2,TCEAL4,TCF21,TRPA1,VIL1,ZNRF2,label
-1.432634027,-1.796485933,5.310544277,3.650715397,0.651659878,-6.92576895,1.764229022,5.724160807,7.305527245,3.983374098,5.851280839,-5.340806449,3.149576487,-6.92576895,4.708588352,0
-2.300276989,-0.110847399,4.862720146,3.659729977,3.363495929,-6.825092917,-1.467540912,0.626118195,7.957239878,4.178424995,5.159681543,-4.017737995,2.61028565,-0.71656846,4.738580043,0
-0.533042062,0.64562324,6.212438394,3.815548242,4.505592788,-4.735198544,0.622353461,-4.735198544,5.888378162,4.452153529,7.480031082,-1.365964734,-4.697230694,-3.99823295,4.871515102,1
0.281286353,0.63521291,5.894606903,4.003846097,3.429209449,-6.640911495,0.229453224,-3.470986494,4.784828929,4.07247502,6.354325675,-5.055948995,0.324872789,-5.055948995,4.981597959,0
-0.467258166,1.517214765,5.426442183,4.213939242,2.141112929,-6.844729008,-0.577942468,1.690546368,4.806771212,4.465315671,6.555750217,-6.844729008,-0.504879005,-6.844729008,4.784172144,0
-1.336846417,0.274350246,5.707904702,4.154327696,2.054930616,-6.383861236,1.599132338,-6.383861236,4.974240471,4.629461437,6.727763511,-6.383861236,-0.309612713,-6.383861236,4.999303024,0
1.062305939,-2.014774255,4.779641611,3.270627963,-0.257344559,-6.407091678,0.035851818,-2.014774255,6.279189977,3.820524265,6.389961842,-6.407091678,-2.500201083,-6.407091678,3.951559523,0
-0.249217997,-0.321472039,5.552693449,3.675184518,2.236523414,-6.661322042,-0.122163231,2.741689981,7.229417228,4.443931738,6.435887101,-2.960882324,-1.886271501,-6.661322042,3.458915835,0
0.784973465,-1.593717142,5.703864805,4.009550249,5.700903607,-4.962950952,-3.377988451,0.081443168,4.421473069,4.71711549,6.067486291,-4.962950952,1.086244154,-6.547913452,5.067256361,1
-0.910987725,0.805364585,5.072563761,3.475669875,2.674044389,-7.021183902,0.327544252,3.218414627,5.732659606,4.062960108,5.364408911,-3.320744184,0.277291132,-7.021183902,3.992138771,0
0.174418763,-0.15276628,7.18976154,4.608333052,2.434528792,-6.839266807,1.574361122,-1.629813441,3.9912484,4.883113828,6.813466151,-5.254304306,0.592857466,-6.839266807,5.500861467,1
2.298671905,-1.930715388,6.999121912,3.995902903,3.857470971,-6.454277344,-1.09672534,-3.646922422,2.986591823,5.02297498,7.013200843,-4.869314844,-6.454277344,-6.454277344,5.569823436,1
2.914137689,-0.286655271,4.791591844,3.628145941,6.346602149,-4.079213191,0.079216172,-0.820478923,4.95302937,4.683761988,7.072075221,-6.886568113,-3.427136494,-6.886568113,5.500641468,1
-0.165176629,-2.215643499,5.956083745,4.164947435,3.099053027,-6.859499689,-2.467182266,3.92431707,8.821546512,4.99185896,6.529728306,-6.859499689,-2.31353132,-5.274537188,3.197138026,0
-1.879633846,0.724144904,7.093788326,3.869784092,-2.48700276,-7.010564716,4.006939685,3.040644225,6.408737148,4.111616185,5.68618552,-7.010564716,0.56187025,-5.425602215,4.460602418,0
3.419924887,-0.305210325,6.534184359,4.54874501,5.909550325,-5.349604444,-6.934566945,-6.934566945,4.12139329,4.98541365,6.271073598,-5.349604444,-5.349604444,-6.934566945,5.137230578,1
2.613709893,-1.780129262,6.09870873,3.487163576,3.786027653,-6.989582627,-0.481787987,2.396279773,5.297263875,3.489186992,6.894301614,-4.182227705,-6.989582627,-6.989582627,3.807268168,1
3.336288979,-0.783282789,6.259264907,4.17574061,1.889509884,-7.05006933,-1.322148876,-4.242714408,5.550540522,3.80401985,6.465753684,-7.05006933,-1.167426281,-5.465106829,6.21246601,1
2.901196237,-1.750119565,6.092105047,4.460113425,9.932646837,-6.393975755,-0.967711001,1.057235357,4.302122416,5.64391433,7.037391259,-3.586620833,-2.693536037,-6.393975755,6.153159777,1
1.063445538,-1.472260241,5.714113168,3.838722348,6.884166138,-6.898524995,0.693932042,-1.015881946,3.873789579,4.310318996,6.647525396,-3.439093377,-3.423440112,-4.5765969,5.507414198,0
1.961385451,1.978280244,5.270104187,4.355302389,2.836665639,-4.478807434,1.653416858,-1.453272342,4.865171363,4.31514417,5.573178298,-4.116237355,-3.035200783,-4.964234261,4.45656812,1
3.152329822,-0.305752152,6.377543275,4.527378894,5.586176175,-2.162016674,-3.113107074,-4.212642748,3.278064898,4.607080171,8.102870759,-3.560566051,-4.212642748,-7.01999767,5.082962216,0
1.475273448,1.247997275,5.219646096,3.105066845,3.198267417,-6.844759866,2.839988754,0.538944426,5.901964378,3.953711935,5.91658359,-4.522831771,-0.238909999,-0.695012747,3.72794036,0
-0.994976823,3.530255206,7.191287088,4.346304735,0.916414426,-7.336251006,3.15259334,-5.751288506,5.589488858,5.098116595,5.549254724,-5.751288506,1.791021142,-5.014322911,5.944954594,0
0.707684932,1.657196869,6.091321294,3.750154976,8.16122709,-7.146934152,-1.47450881,-2.899006638,6.00550915,4.350418742,5.279068461,-4.33957923,-0.274105392,-7.146934152,5.060995294,0
-1.93338846,0.337080035,5.513483047,3.999552895,4.389025636,-7.146735742,0.924726621,-1.654882646,6.614711606,4.447122197,6.397141915,-7.146735742,-0.628200603,-4.824807647,4.487621559,0
1.436399532,0.840293326,4.69580244,3.206553527,1.924743648,-6.299258027,-1.16997501,-0.80740493,5.827769016,3.662191668,5.966649983,-3.129333025,-0.070439336,-3.129333025,4.007942783,0
0.298903424,1.948385453,4.678199143,3.3732977,4.614684251,-6.144371688,2.765521396,0.725993032,5.809460994,4.118897513,6.028993143,-4.559409187,-0.718106933,2.436828894,3.047921127,0
3.76925756,-1.12644001,4.225889563,3.571943121,11.05874516,-0.836933393,-0.752044496,-0.455062758,5.851263923,3.831199488,5.867284664,-5.881327513,-5.881327513,-1.357765556,3.340259609,0
-1.460802982,-0.761014936,4.270682115,4.495577438,1.474970429,-7.136054368,1.539902665,1.821047674,6.954140773,5.574106324,5.589098836,-4.814126273,1.290042622,-7.136054368,4.505545848,0
-0.280356415,1.212951745,6.260476374,4.439217175,-1.866775448,-6.911169567,4.496629283,-2.663242054,4.537463,4.179604487,5.147836828,-6.911169567,2.301399772,-3.741244566,4.664842307,0
2.070131836,-0.553067689,6.087966683,3.380114204,1.742081074,-4.67408309,2.389851215,-0.692230437,1.26608366,4.021493216,5.552569933,-5.411048685,0.745320963,-5.411048685,3.795965636,1
0.292948691,-0.696126561,6.393010265,5.054536356,4.548466782,-6.529016575,1.048412253,-6.529016575,5.510245219,5.633689444,7.304170015,-4.944054074,-2.005454619,-6.529016575,5.54076882,1
0.444330496,0.870757101,6.447217222,3.132249342,2.294093924,-6.736573213,-4.414645118,0.40297814,7.227135706,4.168061409,7.354448877,-6.736573213,-5.067546447,-6.736573213,4.935410059,1
0.180878967,5.033468178,5.059581018,3.520104474,4.214538563,-5.548673804,4.250607818,-2.089242185,6.68104629,4.602342735,6.047049891,-5.548673804,3.747645936,-5.548673804,3.465346667,0
1.863047372,1.19332281,5.649540787,3.766466795,1.94634081,-5.966548527,3.38880257,-4.381586026,2.811528603,4.581309979,6.464165359,-5.966548527,0.186040543,-5.966548527,2.737355047,0
0.333856173,-1.032047434,6.16698121,4.696765225,4.506348248,-6.962784772,0.568596689,-3.79285977,3.671118638,5.109012751,7.194325274,-6.962784772,-6.962784772,-5.377822271,5.983207653,1
0.174084718,1.794130777,7.33669551,3.622390099,2.827246884,-6.541259577,1.530202785,1.540889464,6.920859221,4.006598929,5.679421044,-6.541259577,-2.142088484,-6.541259577,5.53722484,0
-0.458911475,-1.310466201,5.842663558,3.196271132,7.905525109,-6.802319298,0.959231935,-1.848122987,6.956840698,3.840634926,6.565777869,-5.217356797,2.020665721,-2.158463108,4.402863029,0
0.763667616,0.593469144,4.813784426,3.790487806,1.576273529,-7.127630045,-1.105262232,1.125035388,6.799314498,4.335383369,6.296142442,-5.542667544,0.449798783,-1.196892707,4.247952468,0
0.575173978,0.605947913,7.026175695,4.496808399,4.799153322,-5.308935473,2.63553258,-3.193458256,7.037855249,4.445395326,5.139180832,-5.308935473,0.808343987,-0.450954478,5.700193317,0
1.872030832,-0.547800435,5.457891746,4.147951943,0.784519266,-6.922839866,-2.064858871,3.038609828,6.107999666,4.055155502,5.823464501,-6.922839866,-4.099090506,-3.752914865,4.216071852,0
-0.175483554,-0.228062375,6.088820473,4.378934637,1.339465532,-7.022478241,1.424604985,-0.48331943,5.945288387,4.377867555,6.86521837,-4.215123319,-2.164497246,-7.022478241,5.345209515,0
0.369129537,0.068979183,4.855258713,3.786800979,2.485655177,-7.297343032,1.648100805,0.051385123,5.750632883,4.197012572,5.971052762,-5.712380531,-1.184225995,2.017806531,4.267282831,0
-0.686195525,4.970880222,6.043331362,5.779472585,-0.655430538,-4.355870256,1.126793669,-7.163225178,7.546989337,4.215611535,6.35800718,-7.163225178,-3.055537309,-4.841297083,3.751907271,0
-1.04458376,-0.648655084,5.630717753,4.976657662,3.565956631,-4.216339593,-0.614303579,-0.203515553,6.840007812,4.876794969,6.061279919,-7.023694515,-0.794875825,-4.216339593,5.148420417,0
-1.636129379,-1.999981284,4.871087876,4.064876938,2.555484319,-7.129264301,-1.999981284,-2.485408111,4.147441719,5.095038908,5.920414109,-7.129264301,-0.71377603,-3.222373705,5.225811446,0
0.937807108,1.374196334,5.513189475,3.086291821,5.085891462,-5.144128974,1.967876051,-0.500272784,6.575972746,4.268793653,6.964504378,-6.729091475,-0.189932664,-2.822200879,4.808612273,1
0.357248691,0.139347976,5.239316393,3.929285845,2.263676111,-5.241473808,-0.417045373,2.113142905,6.278326229,4.167209751,7.246449945,-6.826436309,-4.01086088,-6.826436309,3.939264179,0
0.149178116,-2.129950266,5.440489311,3.871782702,2.728030729,-5.830389984,-0.04903027,-0.785995864,6.111024487,4.761132363,7.832167137,-5.830389984,-2.370958365,-2.129950266,3.356962089,0
0.510672973,0.396743916,5.633564506,3.512538174,5.170438895,-7.054467196,2.91851259,-1.769064977,6.76501339,4.281481369,6.53740573,-3.884542195,-0.325730353,-2.100270886,4.455802475,0
-0.61672873,1.413945085,5.259713891,4.669166036,5.584463666,-5.662870512,0.219772537,-3.340942417,5.360190738,4.312977456,7.44940608,-5.662870512,-5.662870512,-5.662870512,3.842941042,0
1.159416559,-0.662990904,5.277294812,4.283964956,4.481860916,-5.381809151,-0.071953889,1.247547469,4.159287464,4.441027198,6.075742734,-1.352061808,-2.21188415,-6.966771652,4.914724733,1
-2.085124219,0.50596601,5.216293511,4.242692728,1.871187616,-3.925083807,-2.340121306,-3.562513728,5.693563884,3.756405617,5.553830234,-6.732438729,-0.092049169,-3.925083807,4.290622521,0
-1.67722054,-0.320646302,5.754900832,3.467366898,2.077481419,-6.203289351,1.109593604,-2.502849633,5.733716575,4.448659259,6.162759599,-6.203289351,-0.038583511,-4.618326851,3.831509611,0
-2.045770847,0.332561385,5.848138675,4.369005499,7.420518817,-4.452540731,-1.110148533,-4.937967558,4.537360565,4.921567229,5.385537623,-3.800464034,2.252726309,-7.259895653,5.727901276,1
2.397692429,2.341108901,4.897927343,3.589185584,2.039585026,-6.650412945,1.821262269,1.473708367,5.118184937,4.304510347,6.189774879,-5.065450444,4.954223674,-6.650412945,4.77637595,0
-0.888543904,1.766439624,5.692304407,3.156969421,3.402772855,-5.373111728,2.32037523,2.440669463,6.639396422,4.077412223,5.612018646,-5.373111728,-4.630386865,-5.373111728,4.224940772,0
3.163493171,0.867052079,6.001820635,4.447554932,4.458235018,-6.209763518,-6.209763518,-4.624801017,3.435894914,4.73787342,7.426521232,-3.887835423,-4.624801017,-6.209763518,5.514323944,1
-1.422216935,3.176426678,4.828257746,4.015168236,2.984038879,-6.469231755,0.130681087,2.850440366,6.23748009,4.768575719,5.885843992,-6.469231755,0.376258296,-6.469231755,3.468877571,0
0.691681253,-0.23250374,6.061431089,4.132904674,1.394894027,-6.29859293,-0.744004079,-6.29859293,4.520787861,4.900465893,6.545916696,-4.713630429,0.788233287,-6.29859293,4.670793591,1
2.897098071,-2.007277252,5.587589097,4.335970084,5.957948462,-6.961473562,-6.961473562,-1.676071343,3.359326987,3.984701679,6.115509004,-1.40688471,-4.150002531,-6.961473562,5.045904171,1
0.755202291,1.744607759,5.227204881,3.728840443,4.475737018,-5.58630912,2.381397477,-2.778954198,6.125214466,4.551109015,5.945559656,-4.849343525,-2.416384118,-1.679418524,3.742365808,1
0.302311217,0.14397419,6.813297976,3.536945748,0.116229199,-6.570271328,-0.461746871,-2.482808486,6.291009476,4.288486772,5.869299869,-3.400346326,-1.284869109,-3.762916406,4.149972931,0
3.513578507,-1.496097805,6.317385124,3.867985937,4.949927551,-0.352506951,0.82583029,-3.462930941,6.049360602,4.786290276,6.651876163,-4.600434465,-4.115007637,-6.922362559,5.555142758,1
0.903964384,1.925312175,5.666187402,3.878755934,1.006292749,-6.832911039,2.319373803,2.518028142,2.783637804,4.734569762,5.817916335,-4.510982944,1.825800301,-5.247948539,4.70382185,0
2.468696013,-0.951827026,6.424453434,4.833690313,4.815306461,-2.071125954,-6.929106949,-4.607178854,2.970249974,4.782129818,6.845988873,-1.314397105,-4.109438766,-5.344144449,5.298809775,1
1.591984008,-1.589770291,5.091208833,3.660023179,2.745107418,-7.520507628,0.722666355,2.673017732,5.434597352,4.452830993,5.537653256,-7.520507628,2.26216303,-2.235105409,3.958767402,0
1.495702093,0.164916732,5.936429952,4.197626489,4.220277204,-4.632096246,1.973753621,-1.462171244,5.217465236,4.39857089,6.559826599,-6.954024341,-1.06649907,-4.146669419,4.565120447,0
1.83471506,0.787468256,5.92956454,4.222342771,2.318685185,-7.101274992,3.338555892,-3.194384397,5.677828747,4.654029896,6.380902719,-3.194384397,-0.493648772,3.263953857,4.24911175,0
2.331257185,-0.696674184,5.251022628,4.038812481,4.977604927,-6.627411521,-5.042449021,-1.417958156,3.222775316,4.606807157,6.32514774,-3.820056599,-2.526433874,-3.45748652,4.775067651,0
2.758255621,-1.0137282,7.010831669,4.697638643,6.409216646,-4.855030454,-6.439992955,-4.855030454,4.123203317,4.789426733,7.417502137,-2.980561336,-4.11806486,-4.855030454,4.791828224,1
-0.490263411,-1.137961667,6.904329092,3.552484082,2.945142576,-4.101435791,-1.294080869,2.618295266,5.250386854,4.550333481,8.117187985,-4.101435791,-1.137961667,-4.101435791,4.057426315,0
-0.125048888,-0.248033642,6.119428592,3.117147651,5.609586815,-6.356558099,3.584489508,-3.549203177,6.10875321,4.583755499,7.084700233,-6.356558099,-0.679613739,-1.312163979,4.757834956,0
-0.011531431,1.192625205,5.394439302,3.926735752,5.260445877,-6.835280791,2.144858786,-2.442963368,7.18873339,4.38932389,5.699751523,-6.835280791,1.200782898,-4.513352696,4.572518059,0
0.841557735,-0.391816698,7.431476476,4.078250952,3.150585341,-5.818081452,3.687730102,0.521768551,-0.773687333,5.095555976,6.530370085,-5.818081452,-0.090160998,-5.818081452,5.159913916,0
4.476056626,-1.984093039,5.906967328,4.820191665,5.222107349,-3.569055539,-4.791447961,-3.20648546,2.361681798,5.05247309,7.622268107,-3.20648546,-6.376410462,-6.376410462,4.262930247,1
4.659711413,0.755187542,6.039231611,5.115130757,4.758767774,-5.276031188,-5.276031188,-2.312557064,2.791134239,5.609512672,6.015715093,-4.790604361,-3.893087319,-6.012996782,5.243015287,1
0.819904599,-0.292089152,5.933954123,5.495872217,5.281728593,0.364541205,-7.086505018,-7.086505018,4.106404201,5.118982802,5.964533944,-1.109225095,-3.175772356,-7.086505018,4.938980638,1
3.249249261,-0.011180921,6.211884243,5.08826503,5.30589415,-4.49230761,-6.077270111,-3.269915189,2.856420544,4.824351047,6.628146288,-0.791867892,-2.376830393,-6.077270111,4.818305171,1
3.849818009,-1.027650727,6.051787272,3.993548439,5.352259594,-6.860540741,-4.053185819,-4.053185819,2.019042509,4.443810581,7.804850698,-2.612613227,-4.538612646,-5.27557824,4.149987365,0
0.334847562,-0.039218156,6.209308691,3.688988803,3.58198545,-6.609073765,-1.399620399,-2.216756342,5.40320158,4.548904685,5.95245286,-5.024111264,-0.133340334,-3.439148763,5.728269383,0
3.324585297,2.462607227,6.24546678,4.147472173,1.004000713,-3.138957241,1.174933535,-6.308882242,6.088525002,3.963747543,6.733290111,-0.6364569,-0.75429339,-4.723919741,5.242345362,1
-1.570172363,-0.595431314,6.580596083,3.640613949,2.134961626,-6.862217855,0.214597742,-2.614290342,7.080205013,4.988359692,6.286417605,-5.277255354,1.418552915,-2.955327259,5.222922607,0
1.019338419,0.655700072,6.427311809,4.622595339,4.546831181,-6.421115525,2.402251715,-4.836153024,4.554015932,4.498492714,6.659535477,-6.421115525,0.846232996,-6.421115525,6.760502644,1
4.34116328,3.22237005,5.72342124,4.411443145,2.052724831,-7.109666498,1.931992653,-2.354778996,5.342317279,4.783255725,6.200236121,-7.109666498,-2.840633352,-4.787738403,5.286135373,0
-2.225855048,0.112854499,5.959794624,2.803446431,1.671405369,-7.086817846,-0.216453126,-1.020728655,7.637109687,4.251361404,4.723352092,-7.086817846,2.219243844,-4.764889751,5.457905152,0
2.540879397,1.643163866,7.259271369,4.587379498,6.250006073,-6.922890173,-5.337927672,-6.922890173,2.810125149,5.339498351,7.239107697,-1.141530459,-3.458221906,-5.337927672,5.27032715,0
3.954479248,1.852338713,6.383233616,4.594340847,1.666301707,-7.194785199,3.715857531,-5.609822699,5.156982245,4.773521595,6.123333891,-4.872857104,-1.076674694,-4.872857104,4.40837748,1
3.526909675,1.893381411,5.713110253,4.268904487,3.504864788,-7.180760052,2.965172094,1.346716954,6.131697518,4.344271293,6.436133344,-2.657198096,-0.636027396,-7.180760052,4.478789945,0
1.727740389,0.070976733,5.211770676,4.310363353,2.00546678,-3.863135331,0.829355634,0.780720858,5.643809749,3.785864162,6.315173826,-6.670490253,-1.541207236,-6.670490253,4.673250665,0
-0.958472335,-0.336755123,4.866252233,3.583950715,0.838119094,-6.936667965,-2.07868697,-2.292811775,6.153940709,4.195831764,4.963066577,-5.351705464,-0.903244964,-3.766742964,4.625097298,0
-0.327973854,1.723184187,5.995400069,4.935440686,5.162955791,-6.931451842,-3.472020223,-6.931451842,7.053411605,4.901042643,6.741083997,-6.931451842,-0.905537143,-6.931451842,5.952146066,1
3.010682415,0.796426699,5.932347453,3.552251321,1.406480181,-7.35839141,2.479236523,-0.198520073,5.84235397,4.012840719,5.639317339,-7.35839141,-0.412128425,-4.188466408,5.607933784,0
0.23735823,-2.14061631,5.139106588,4.316168646,1.138807056,-4.287457699,-0.904988062,3.513442201,7.340401843,4.448702596,6.769083253,-5.50985012,0.024128452,-4.772884526,4.373302266,1
3.134063906,0.38590402,5.84514388,3.698521642,1.895829467,-7.031948495,0.351755797,0.702761125,7.368464017,4.281501446,6.120494807,-7.031948495,2.251139858,-7.031948495,4.104401846,0
-0.359117088,1.751843419,4.785018665,3.63561614,3.755526584,-5.596884735,2.303982073,1.751843419,6.196041094,4.639528157,6.100517272,-5.596884735,2.175308853,-5.596884735,3.780325795,0
3.126735663,0.403212793,5.356191896,3.242540104,4.760074678,-5.269212549,3.575231691,2.006911856,4.437571231,3.874595799,5.985225599,-4.532246955,-0.245957197,-5.269212549,5.045559492,0
1.047116034,1.425326604,6.221436769,4.102744967,2.508601649,-7.005125947,0.729583673,2.372084583,7.212604608,4.071021581,5.367467086,-4.197771025,0.157970191,-5.420163447,4.487227998,0
-2.453567584,-1.325650109,7.295180639,3.916513533,1.430855671,-6.370044229,0.906080176,-3.200119227,7.831696826,4.934307093,6.070565438,-4.785081728,-0.943779474,-6.370044229,6.1285557,1
0.479462718,-1.534646276,4.946666029,3.136803283,1.700129869,-6.392627272,1.986751095,0.016763665,6.068084581,4.426753519,5.679170251,-4.807664771,-1.609170617,-6.392627272,5.257077994,0
3.042503631,-2.601031924,6.302626802,4.51546222,4.08235263,-7.355919426,-3.268456585,3.440931369,2.462662751,4.945862536,5.663497557,-4.185994425,-2.045579306,-5.770956925,4.60299573,1
0.485851536,-0.117773064,5.476002507,4.402834062,3.0100544,-4.205235905,3.695630903,-2.134846577,7.417090513,4.054977982,6.042454303,-6.527164,-1.88330781,-6.527164,6.076230531,0
1.615506437,-0.707668855,5.973522063,5.904253171,4.958627131,5.372297299,-4.33215972,0.824344766,3.608398588,4.615233704,6.554298976,-0.96292591,-3.101546792,-5.917122221,3.826029173,1
-0.377090839,1.818553284,5.559580903,3.94897224,2.082190193,-6.821691653,1.24977071,-1.040331939,4.7169823,4.176193475,5.879398172,-6.821691653,0.530925646,-4.499763558,5.742696043,0
-0.605809812,1.206597514,6.290260606,3.969715396,3.973166821,-4.15095449,2.727607382,1.182946246,4.678768245,5.259143476,6.685358914,-4.15095449,-2.035477273,-5.735916991,4.489290446,1
2.03861337,0.294239859,5.568986232,3.902200395,5.365052722,-7.506660041,0.186826916,-0.306987696,6.45632631,4.704924112,6.72883069,-4.699305119,-0.765193055,1.870550489,4.568484803,0
3.238554639,-1.10297696,5.943972865,4.262042427,5.16221412,-3.850210889,-6.657565811,-5.072603311,3.452264843,4.637629144,6.830148634,-2.409638298,-2.265248389,-5.072603311,4.770270792,1
1.054761795,0.070446622,4.81574518,4.896529999,0.116616804,-6.872067883,-4.550139788,3.296604235,5.951100296,5.655164743,6.345435494,-6.872067883,-2.348505927,-4.550139788,4.174374065,0
3.756331918,-0.493013942,6.591489523,4.541311477,5.242028748,-4.101823185,-6.42375128,-6.42375128,3.460419239,4.718993997,7.230996616,-4.838788779,-4.090327546,-6.42375128,5.150369155,0
-1.756377321,0.607054326,7.286429384,3.652100806,7.442146304,-7.043997365,1.740637481,1.646000606,4.244291977,4.664655471,6.240682169,-4.72206927,-0.491866257,-7.043997365,6.259069849,1
-0.665653135,-0.743819813,6.975800257,4.559131505,1.226635911,-5.953273179,0.941544584,-5.953273179,4.326337402,4.584915753,6.692160096,-5.953273179,-5.953273179,-4.368310678,5.949478766,1
3.703473526,-2.310366623,7.071841702,4.749913607,2.154100586,-2.103915745,-1.762878827,-6.010806341,5.729396048,4.619460784,6.808374838,-3.688878246,-0.966412221,-6.010806341,5.382047699,1
1.954035703,0.567323987,5.875957662,6.942613495,4.747018321,-1.907760896,-6.551617086,-6.551617086,4.830466504,5.40729807,6.444326682,-1.34216372,-2.296116353,-6.551617086,4.168627172,0
0.138433679,0.898280559,5.63244317,3.816477133,2.351998526,-6.432636319,-0.704715865,-1.677748817,4.844069701,3.748515938,5.974365829,-4.110708224,0.533147965,-6.432636319,4.617892586,0
-0.391225463,-0.722298573,7.158305331,3.237851915,-0.798247426,-6.007700791,-1.149719796,2.235473192,7.115288931,5.036010072,6.166912856,-6.007700791,-3.685772697,5.354791015,3.630735123,0
2.158814742,1.351408616,7.113744225,3.644373228,-1.025311952,-5.979508262,0.986276023,-3.17215334,5.711799068,4.093294273,5.96776339,-3.657580167,0.253152495,-5.979508262,3.542092178,0
2.677165506,-0.245092763,6.178239955,4.100682074,3.547465157,-6.222372686,-3.052447685,-2.762941068,2.011246991,4.32548582,6.909966378,-4.637410185,0.445519439,-6.222372686,4.97422944,1
2.696429331,-0.47040295,6.139749459,4.507043509,4.243092921,-3.929834569,-0.229394851,-4.666800163,3.929389593,4.827055286,6.806059877,-1.297566353,-3.075439891,-6.251762664,4.757366126,1
0.959743256,-0.235821567,4.944659227,3.800004557,0.035480455,-6.678765063,-2.155203107,2.590361616,5.911120116,4.312048016,4.947400257,-5.093802562,1.140903121,-5.093802562,4.193909817,0
3.623820375,0.753700814,5.692206365,3.952138503,4.062612023,-3.822648557,1.696426008,1.951197103,4.421885177,4.565368729,5.894783072,-3.460078477,-2.102682871,-5.045040978,3.940800959,0
-1.98291718,-1.784676639,5.2494567,3.707176457,2.525569651,-6.738872949,3.65237064,1.125313195,6.466462132,4.430425746,6.568470186,-3.931518027,-5.153910449,-5.153910449,4.776334081,1
0.674656935,-1.437514269,6.995994841,4.399074965,1.494952573,-5.210103773,-2.888175678,-3.094626555,6.553246936,4.538648153,7.150834734,-6.795066273,-2.707603432,-1.122640932,5.217209071,1
2.702799699,-0.006451189,5.992939436,4.010507638,4.494327901,-6.800867055,2.386485018,-2.408549633,5.296835908,4.866688052,5.945017314,-4.47893896,-2.045979553,-5.215904555,4.339323648,1
1.179842297,-0.185894272,5.473760949,3.58748575,4.39974349,-2.961187985,-2.754737107,1.818152561,3.529431512,4.627814873,5.751735779,-4.339699608,-1.033437368,-3.202196084,4.257980536,1
3.359968942,0.11499302,5.855967837,4.487111372,4.265481542,2.407000883,-5.398076562,-3.523607444,2.644494822,5.000310865,7.242846173,-1.100396014,-4.171568032,-3.523607444,4.663969576,0
2.384402612,2.780811946,7.812533212,4.159323569,2.543120388,-5.844896897,1.686484564,-4.259934396,5.646455177,4.720205181,8.175996255,-5.844896897,-4.259934396,-3.522968802,5.79036776,0
1.171972106,-0.132928274,5.797809063,4.259389148,4.779721591,-6.361746965,1.964682522,-6.361746965,4.4829588,4.601871653,7.403849937,-2.902315346,-2.390893311,-6.361746965,5.095120774,0
3.193735193,0.102085133,6.65323921,3.716448551,2.870113735,-3.499950881,3.391398864,-4.722343302,3.091437889,4.471592673,6.757942019,-2.847874184,-1.77623631,-6.307305803,5.778498578,1
2.392024691,0.195825996,4.851487249,3.88784295,2.479827831,-7.335555465,1.700618148,-7.335555465,5.116943193,3.744595845,6.656409184,-7.335555465,-1.502665451,-4.165630463,5.096725432,0
5.188773249,0.020499333,5.892555513,3.893038424,4.303723899,-5.651926009,0.947986833,-4.066963508,1.678990869,4.808529887,6.231862794,-2.19249439,-1.122105062,-4.066963508,5.759055258,0
0.530655568,-2.732909143,5.026293697,4.232875141,0.168312702,-6.820371985,-1.147946643,-4.013017062,7.17654279,5.226410986,6.176631031,-6.820371985,-2.572444471,2.773952619,3.395161015,0
-1.410407586,-0.565613112,5.057794242,3.557039158,1.90510852,-6.905463115,-3.205023396,3.569256832,7.172937908,4.140978833,6.184814742,-4.58353502,-0.708541381,-6.905463115,3.52603449,0
3.233837707,0.120574369,5.3832604,3.107377067,8.900130673,-7.11783037,0.953631992,1.036987739,5.339293961,3.460542321,6.273547492,-5.53286787,-3.642745487,-2.869902857,3.800287481,0
2.540980206,0.155133394,6.002587015,5.198473682,3.2779458,-6.219906037,-2.313015442,-2.519466319,5.297271216,4.27694774,5.892859245,-6.219906037,-1.09062302,-6.219906037,5.152414918,0
-0.215964558,0.749647659,5.227483153,5.199536613,4.22500982,-6.283775342,1.491011717,-6.283775342,3.621611663,4.897998097,6.615392734,-6.283775342,-3.47642042,-6.283775342,5.678036066,0
1.395481872,-1.682991337,6.061438893,3.259992261,0.302509093,-2.867415908,0.180947113,0.273065315,2.612731687,3.811424273,6.163752686,-4.741885026,-3.519492605,-4.741885026,3.694132412,0
2.260944843,-0.243546592,5.195305515,3.562314084,1.298980643,-6.352071049,0.090872447,0.518293671,4.237580098,4.721401105,6.929714122,-4.030142954,-0.994519044,-6.352071049,4.364748413,1
0.277886082,0.000997667,6.894794144,4.37585412,4.293004399,-6.568857941,-3.39893294,-3.761503019,4.590382709,4.285231239,6.169867681,-3.761503019,-0.293478345,-4.246929846,4.591643806,1
-0.427197859,1.69619053,6.790646932,3.935508867,6.856675836,-6.734262022,3.41929001,-3.033822303,5.848585607,4.099418727,5.9702901,-3.9269071,-2.318773751,-6.734262022,3.888704923,0
-0.188078296,-0.538479648,4.958797121,3.459991264,0.6556929,-6.421122697,-1.063570692,-1.063570692,6.465145456,4.724172638,6.202072938,-4.099194602,-1.563141702,-2.720682979,5.369633053,0
1.913863672,0.680910605,5.532031662,3.625471618,6.308647129,-5.296369319,-1.326742968,-4.559403724,6.794955867,4.444535761,6.123064232,-3.180892101,0.519547617,-6.881331819,4.844460452,1
-1.010311754,-3.036993797,5.568609181,3.885045435,2.013217649,-6.943884393,-1.329174548,3.562919045,4.77593221,4.557455226,5.868092302,-4.621956298,-3.243444674,-2.085903397,4.162678548,0
0.119870339,4.023002282,5.37554794,3.660432203,1.74229685,-5.99241277,5.342419158,0.347437233,4.259069641,5.008291499,6.419892435,-5.99241277,-0.853270751,-5.99241277,3.313648919,0
0.401176899,1.784784347,8.011987264,3.977095429,3.48165745,-4.555065656,0.923906149,-4.069638829,0.65438771,4.728022697,6.145200651,-5.29203125,-1.313225472,-6.876993751,5.378919999,0
-1.643192995,0.691835712,5.987234992,3.526869086,1.857225359,-6.775769838,1.594917569,-5.190807337,4.112212295,4.406003601,5.633886275,-6.775769838,1.18724181,-5.190807337,4.571297819,0
-1.696098107,2.494942364,5.153247613,3.679871948,3.279111835,-6.341107991,1.485440496,2.262518354,5.865601158,4.522303968,6.57495806,-2.881676372,-1.048326242,-6.341107991,4.117298622,0
0.128023412,0.450864894,6.546629113,3.838827665,1.530788438,-0.994934859,0.450864894,2.390258129,6.559918586,4.238519532,6.6159627,-5.852915854,0.213173336,-4.267953353,4.479120694,0
0.180962932,1.374229821,5.257594237,4.144625638,3.796639308,-6.878435612,2.293991897,2.423060583,2.528832152,4.423632061,6.178371424,-5.293473111,-1.911267004,-4.556507517,3.950494216,0
-0.777169809,-1.06534042,5.713393824,2.987770916,0.587928094,-6.846700134,2.227441329,0.700194326,5.432620254,4.154004135,6.064504576,-6.846700134,0.262242435,-4.524772039,4.865396917,0
0.271679499,-0.547794054,5.620539798,3.536594229,-0.150034547,-6.525073978,2.093311524,3.566361408,6.486328012,3.855387087,5.299487052,-4.940111477,-1.025546954,-2.82463426,4.632904472,0
3.125253927,1.703849348,5.659518977,4.056776559,4.743289492,-3.27669829,-1.226072217,-1.039659092,4.895371984,4.259132504,6.084305515,-3.762125117,-1.818016318,-6.084053212,4.094611639,1
2.783468345,-2.52652396,6.807797912,3.528286776,-0.255670049,-7.050085916,-1.027718103,0.417519634,5.742907675,4.122966542,5.39518764,-7.050085916,-2.005691796,-7.050085916,5.750611799,1
2.342057721,1.338483963,6.569179347,5.421910664,4.230323762,-7.227570075,1.219513151,-0.960783534,6.308069818,4.288622403,6.492567281,-5.642607574,0.780858547,-4.90564198,5.847073166,0
-0.029145848,2.438263621,4.434757678,4.647186905,4.108435138,-2.663274405,3.267462932,-6.570165001,4.544228054,4.750071444,7.227192555,-3.762810079,-2.168261529,-2.663274405,4.971415659,0
1.483619552,0.906334465,6.765522434,4.054304988,3.725645492,-5.780166062,-0.922185067,0.369581058,4.295313088,4.391010736,7.005899319,-1.532238548,-3.458237967,-5.780166062,5.103240924,0
2.600443668,3.701076865,6.533806475,3.428134557,2.159344416,-3.60087653,-3.60087653,-2.752879623,3.726451553,3.847033219,6.928358788,-5.922804625,-2.743293575,-5.922804625,4.250872511,0
